timestamp_unix,t_in,t_ext,rh,pwm,door,ctrl_mode,phase,session_id,scenario,t_pred,err,integral,kp,ki,kd
1779007549,32.72,32.16,57.40,60,1,tinyml,,,,32.720,0.000,0.000,0.000,0.000,0.000
1779007554,32.86,32.17,57.00,60,1,tinyml,,,,32.860,0.000,0.000,0.000,0.000,0.000
1779007559,32.99,32.16,56.70,60,1,tinyml,,,,32.990,0.000,0.000,0.000,0.000,0.000
1779007564,33.15,32.20,56.30,60,1,tinyml,,,,33.150,0.000,0.000,0.000,0.000,0.000
1779007569,33.34,32.17,55.90,60,1,tinyml,,,,33.340,0.000,0.000,0.000,0.000,0.000
1779007574,33.55,32.16,55.50,60,1,tinyml,,,,33.550,0.000,0.000,0.000,0.000,0.000
1779007579,33.75,32.17,55.10,60,1,tinyml,,,,33.750,0.000,0.000,0.000,0.000,0.000
1779007584,33.91,32.18,54.60,60,1,tinyml,,,,33.910,0.000,0.000,0.000,0.000,0.000
1779007589,34.13,32.17,54.30,60,1,tinyml,,,,34.130,0.000,0.000,0.000,0.000,0.000
1779007594,34.36,32.17,53.80,60,1,tinyml,,,,34.360,0.000,0.000,0.000,0.000,0.000
1779007599,34.54,32.14,53.30,60,1,tinyml,,,,34.540,0.000,0.000,0.000,0.000,0.000
1779007604,34.79,32.14,52.90,57,1,tinyml,,,,34.790,0.000,0.000,0.000,0.000,0.000
1779007609,35.02,32.14,52.40,53,1,tinyml,,,,35.020,0.000,0.000,0.000,0.000,0.000
1779007614,35.21,32.14,51.90,50,1,tinyml,,,,35.210,0.000,0.000,0.000,0.000,0.000
1779007619,35.46,32.14,51.50,45,1,tinyml,,,,35.460,0.000,0.000,0.000,0.000,0.000
1779007624,35.69,32.16,51.00,41,1,tinyml,,,,35.690,0.000,0.000,0.000,0.000,0.000
1779007629,35.91,32.18,50.50,37,1,tinyml,,,,35.910,0.000,0.000,0.000,0.000,0.000
1779007634,36.12,32.14,50.10,33,1,tinyml,,,,36.120,0.000,0.000,0.000,0.000,0.000
1779007639,36.29,32.14,49.70,30,1,tinyml,,,,36.290,0.000,0.000,0.000,0.000,0.000
1779007644,36.48,32.17,49.40,27,1,tinyml,,,,36.480,0.000,0.000,0.000,0.000,0.000
1779007649,36.65,32.17,49.00,24,1,tinyml,,,,36.650,0.000,0.000,0.000,0.000,0.000
1779007654,36.76,32.16,48.80,22,1,tinyml,,,,36.760,0.000,0.000,0.000,0.000,0.000
1779007659,36.90,32.17,48.50,19,1,tinyml,,,,36.900,0.000,0.000,0.000,0.000,0.000
1779007664,37.04,32.16,48.30,17,1,tinyml,,,,37.040,0.000,0.000,0.000,0.000,0.000
1779007669,37.13,32.16,48.10,15,1,tinyml,,,,37.130,0.000,0.000,0.000,0.000,0.000
1779007674,37.20,32.17,47.90,14,1,tinyml,,,,37.200,0.000,0.000,0.000,0.000,0.000
1779007679,37.26,32.14,47.80,13,1,tinyml,,,,37.260,0.000,0.000,0.000,0.000,0.000
1779007684,37.33,32.14,47.70,12,1,tinyml,,,,37.330,0.000,0.000,0.000,0.000,0.000
1779007689,37.39,32.17,47.60,10,1,tinyml,,,,37.390,0.000,0.000,0.000,0.000,0.000
1779007694,37.39,32.16,47.50,10,1,tinyml,,,,37.390,0.000,0.000,0.000,0.000,0.000
1779007699,37.39,32.20,47.40,10,1,tinyml,,,,37.390,0.000,0.000,0.000,0.000,0.000
1779007704,37.41,32.18,47.40,10,1,tinyml,,,,37.410,0.000,0.000,0.000,0.000,0.000
1779007709,37.39,32.16,47.40,10,1,tinyml,,,,37.390,0.000,0.000,0.000,0.000,0.000
1779007714,37.38,32.17,47.40,11,1,tinyml,,,,37.380,0.000,0.000,0.000,0.000,0.000
1779007719,37.35,32.18,47.40,11,1,tinyml,,,,37.350,0.000,0.000,0.000,0.000,0.000
1779007724,37.33,32.18,47.40,12,1,tinyml,,,,37.330,0.000,0.000,0.000,0.000,0.000
1779007729,37.30,32.17,47.50,12,1,tinyml,,,,37.300,0.000,0.000,0.000,0.000,0.000
1779007734,37.27,32.16,47.50,13,1,tinyml,,,,37.270,0.000,0.000,0.000,0.000,0.000
1779007739,37.23,32.17,47.60,13,1,tinyml,,,,37.230,0.000,0.000,0.000,0.000,0.000
1779007744,37.20,32.16,47.60,14,1,tinyml,,,,37.200,0.000,0.000,0.000,0.000,0.000
1779007749,37.14,32.17,47.70,15,1,tinyml,,,,37.140,0.000,0.000,0.000,0.000,0.000
1779007754,37.11,32.14,47.80,16,1,tinyml,,,,37.110,0.000,0.000,0.000,0.000,0.000
1779007759,37.07,32.14,47.80,16,1,tinyml,,,,37.070,0.000,0.000,0.000,0.000,0.000
1779007764,37.01,32.16,47.90,17,1,tinyml,,,,37.010,0.000,0.000,0.000,0.000,0.000
1779007769,36.96,32.17,48.00,18,1,tinyml,,,,36.960,0.000,0.000,0.000,0.000,0.000
1779007774,36.93,32.14,48.10,19,1,tinyml,,,,36.930,0.000,0.000,0.000,0.000,0.000
1779007779,36.87,32.14,48.10,20,1,tinyml,,,,36.870,0.000,0.000,0.000,0.000,0.000
1779007784,36.84,32.18,48.20,20,1,tinyml,,,,36.840,0.000,0.000,0.000,0.000,0.000
1779007789,36.82,32.13,48.30,21,1,tinyml,,,,36.820,0.000,0.000,0.000,0.000,0.000
1779007794,36.78,32.17,48.30,21,1,tinyml,,,,36.780,0.000,0.000,0.000,0.000,0.000
1779007799,36.75,32.17,48.40,22,1,tinyml,,,,36.750,0.000,0.000,0.000,0.000,0.000
1779007804,36.69,32.18,48.50,23,1,tinyml,,,,36.690,0.000,0.000,0.000,0.000,0.000
1779007809,36.66,32.18,48.50,24,1,tinyml,,,,36.660,0.000,0.000,0.000,0.000,0.000
1779007814,36.61,32.16,48.60,25,1,tinyml,,,,36.610,0.000,0.000,0.000,0.000,0.000
1779007819,36.61,32.16,48.70,25,1,tinyml,,,,36.610,0.000,0.000,0.000,0.000,0.000
1779007824,36.59,32.16,48.70,0,1,tinyml,,,,38.090,0.000,0.000,0.000,0.000,0.000
1779007829,36.56,32.17,48.80,0,1,tinyml,,,,38.060,0.000,0.000,0.000,0.000,0.000
1779007834,36.53,32.17,48.80,1,1,tinyml,,,,38.030,0.000,0.000,0.000,0.000,0.000
1779007839,36.51,32.17,48.80,2,1,tinyml,,,,38.010,0.000,0.000,0.000,0.000,0.000
1779007844,36.49,32.16,48.90,45,1,tinyml,,,,37.990,0.000,0.000,0.000,0.000,0.000
1779007849,36.51,32.13,48.90,44,1,tinyml,,,,38.010,0.000,0.000,0.000,0.000,0.000
1779007854,36.52,32.14,49.00,44,1,tinyml,,,,38.020,0.000,0.000,0.000,0.000,0.000
1779007859,36.53,32.16,48.90,44,1,tinyml,,,,38.030,0.000,0.000,0.000,0.000,0.000
1779007864,36.56,32.14,48.80,43,1,tinyml,,,,38.060,0.000,0.000,0.000,0.000,0.000
1779007869,36.61,32.13,48.80,41,1,tinyml,,,,38.110,0.000,0.000,0.000,0.000,0.000
1779007874,36.69,32.14,48.70,40,1,tinyml,,,,38.190,0.000,0.000,0.000,0.000,0.000
1779007879,36.73,32.13,48.60,40,1,tinyml,,,,38.230,0.000,0.000,0.000,0.000,0.000
1779007884,36.80,32.10,48.50,40,1,tinyml,,,,38.300,0.000,0.000,0.000,0.000,0.000
1779007889,36.86,32.10,48.40,40,1,tinyml,,,,38.360,0.000,0.000,0.000,0.000,0.000
1779007894,36.96,32.09,48.20,40,1,tinyml,,,,38.460,0.000,0.000,0.000,0.000,0.000
1779007899,37.03,32.10,48.20,0,1,tinyml,,,,38.530,0.000,0.000,0.000,0.000,0.000
1779007904,37.09,32.07,48.00,0,1,tinyml,,,,38.590,0.000,0.000,0.000,0.000,0.000
1779007909,37.17,32.10,47.90,0,1,tinyml,,,,38.670,0.000,0.000,0.000,0.000,0.000
1779007914,37.23,32.10,47.80,0,1,tinyml,,,,38.730,0.000,0.000,0.000,0.000,0.000
1779007919,37.30,32.09,47.70,0,1,tinyml,,,,38.800,0.000,0.000,0.000,0.000,0.000
1779007924,37.35,32.09,47.60,0,1,tinyml,,,,38.850,0.000,0.000,0.000,0.000,0.000
1779007929,37.35,32.07,47.60,0,1,tinyml,,,,38.850,0.000,0.000,0.000,0.000,0.000
1779007934,37.41,32.07,47.40,0,1,tinyml,,,,38.910,0.000,0.000,0.000,0.000,0.000
1779007939,37.44,32.06,47.40,0,1,tinyml,,,,38.940,0.000,0.000,0.000,0.000,0.000
1779007944,37.45,32.09,47.40,0,1,tinyml,,,,38.950,0.000,0.000,0.000,0.000,0.000
1779007949,37.47,32.10,47.30,0,1,tinyml,,,,38.970,0.000,0.000,0.000,0.000,0.000
1779007954,37.45,32.10,47.40,0,1,tinyml,,,,38.950,0.000,0.000,0.000,0.000,0.000
1779007959,37.44,32.11,47.30,0,1,tinyml,,,,38.940,0.000,0.000,0.000,0.000,0.000
1779007964,37.44,32.11,47.40,0,1,tinyml,,,,38.940,0.000,0.000,0.000,0.000,0.000
1779007969,37.39,32.13,47.50,0,1,tinyml,,,,38.890,0.000,0.000,0.000,0.000,0.000
1779007974,37.38,32.10,47.40,0,1,tinyml,,,,38.880,0.000,0.000,0.000,0.000,0.000
1779007979,37.37,32.10,47.50,0,1,tinyml,,,,38.870,0.000,0.000,0.000,0.000,0.000
1779007984,37.33,32.11,47.50,0,1,tinyml,,,,38.830,0.000,0.000,0.000,0.000,0.000
1779007989,37.30,32.13,47.60,0,1,tinyml,,,,38.800,0.000,0.000,0.000,0.000,0.000
1779007994,37.28,32.11,47.60,0,1,tinyml,,,,38.780,0.000,0.000,0.000,0.000,0.000
1779007999,37.23,32.11,47.70,0,1,tinyml,,,,38.730,0.000,0.000,0.000,0.000,0.000
1779008004,37.17,32.11,47.70,0,1,tinyml,,,,38.670,0.000,0.000,0.000,0.000,0.000
1779008009,37.16,32.09,47.80,0,1,tinyml,,,,38.660,0.000,0.000,0.000,0.000,0.000
1779008014,37.11,32.09,47.90,0,1,tinyml,,,,38.610,0.000,0.000,0.000,0.000,0.000
1779008019,37.09,32.09,48.00,1,1,tinyml,,,,38.590,0.000,0.000,0.000,0.000,0.000
1779008024,37.04,32.09,48.00,2,1,tinyml,,,,38.540,0.000,0.000,0.000,0.000,0.000
1779008029,37.00,32.09,48.00,3,1,tinyml,,,,38.500,0.000,0.000,0.000,0.000,0.000
1779008034,36.99,32.10,48.10,4,1,tinyml,,,,38.490,0.000,0.000,0.000,0.000,0.000
1779008039,36.97,32.10,48.10,5,1,tinyml,,,,38.470,0.000,0.000,0.000,0.000,0.000
1779008044,36.97,32.11,48.10,5,1,tinyml,,,,38.470,0.000,0.000,0.000,0.000,0.000
1779008049,37.03,32.09,48.10,5,1,tinyml,,,,38.530,0.000,0.000,0.000,0.000,0.000
1779008054,37.03,32.10,48.00,5,1,tinyml,,,,38.530,0.000,0.000,0.000,0.000,0.000
1779008059,37.04,32.10,48.00,5,1,tinyml,,,,38.540,0.000,0.000,0.000,0.000,0.000
1779008064,37.04,32.10,48.00,6,1,tinyml,,,,38.540,0.000,0.000,0.000,0.000,0.000
1779008069,37.07,32.11,48.00,6,1,tinyml,,,,38.570,0.000,0.000,0.000,0.000,0.000
1779008074,37.07,32.10,48.00,6,1,tinyml,,,,38.570,0.000,0.000,0.000,0.000,0.000
1779008079,37.07,32.11,48.00,7,1,tinyml,,,,38.570,0.000,0.000,0.000,0.000,0.000
1779008084,37.09,32.11,48.00,7,1,tinyml,,,,38.590,0.000,0.000,0.000,0.000,0.000
1779008089,37.10,32.11,48.00,7,1,tinyml,,,,38.600,0.000,0.000,0.000,0.000,0.000
1779008094,37.07,32.11,48.00,8,1,tinyml,,,,38.570,0.000,0.000,0.000,0.000,0.000
1779008099,37.06,32.10,48.00,9,1,tinyml,,,,38.560,0.000,0.000,0.000,0.000,0.000
1779008104,37.06,32.09,48.00,9,1,tinyml,,,,38.560,0.000,0.000,0.000,0.000,0.000
1779008109,37.01,32.09,48.00,11,1,tinyml,,,,38.510,0.000,0.000,0.000,0.000,0.000
1779008118,37.01,32.09,48.10,11,1,tinyml,,,,38.510,0.000,0.000,0.000,0.000,0.000
1779008119,36.99,32.07,48.10,12,1,tinyml,,,,38.490,0.000,0.000,0.000,0.000,0.000
1779008124,36.97,32.09,48.10,13,1,tinyml,,,,38.470,0.000,0.000,0.000,0.000,0.000
1779008129,36.94,32.07,48.20,14,1,tinyml,,,,38.440,0.000,0.000,0.000,0.000,0.000
1779008134,36.90,32.10,48.20,15,1,tinyml,,,,38.400,0.000,0.000,0.000,0.000,0.000
1779008139,36.86,32.07,48.20,17,1,tinyml,,,,38.360,0.000,0.000,0.000,0.000,0.000
1779008144,36.86,32.06,48.30,17,1,tinyml,,,,38.360,0.000,0.000,0.000,0.000,0.000
1779008149,36.83,32.07,48.30,18,1,tinyml,,,,38.330,0.000,0.000,0.000,0.000,0.000
1779008154,36.82,32.07,48.30,19,1,tinyml,,,,38.320,0.000,0.000,0.000,0.000,0.000
1779008159,36.79,32.06,48.50,20,1,tinyml,,,,38.290,0.000,0.000,0.000,0.000,0.000
1779008164,36.78,32.06,48.50,21,1,tinyml,,,,38.280,0.000,0.000,0.000,0.000,0.000
1779008169,36.73,32.07,48.50,22,1,tinyml,,,,38.230,0.000,0.000,0.000,0.000,0.000
1779008174,36.72,32.04,48.50,23,1,tinyml,,,,38.220,0.000,0.000,0.000,0.000,0.000
1779008179,36.73,32.03,48.50,24,1,tinyml,,,,38.230,0.000,0.000,0.000,0.000,0.000
1779008184,36.69,32.03,48.60,25,1,tinyml,,,,38.190,0.000,0.000,0.000,0.000,0.000
1779008189,36.69,32.04,48.60,26,1,tinyml,,,,38.190,0.000,0.000,0.000,0.000,0.000
1779008194,36.68,32.00,48.60,27,1,tinyml,,,,38.180,0.000,0.000,0.000,0.000,0.000
1779008199,36.68,32.00,48.60,27,1,tinyml,,,,38.180,0.000,0.000,0.000,0.000,0.000
1779008204,36.65,32.01,48.70,28,1,tinyml,,,,38.150,0.000,0.000,0.000,0.000,0.000
1779008209,36.65,32.01,48.70,29,1,tinyml,,,,38.150,0.000,0.000,0.000,0.000,0.000
1779008214,36.65,32.00,48.70,30,1,tinyml,,,,38.150,0.000,0.000,0.000,0.000,0.000
1779008219,36.65,32.01,48.70,30,1,tinyml,,,,38.150,0.000,0.000,0.000,0.000,0.000
1779008224,36.63,31.98,48.60,32,1,tinyml,,,,38.130,0.000,0.000,0.000,0.000,0.000
1779008229,36.66,31.98,48.60,32,1,tinyml,,,,38.160,0.000,0.000,0.000,0.000,0.000
1779008234,36.68,32.01,48.60,32,1,tinyml,,,,38.180,0.000,0.000,0.000,0.000,0.000
1779008239,36.68,32.01,48.60,33,1,tinyml,,,,38.180,0.000,0.000,0.000,0.000,0.000
1779008244,36.69,32.00,48.60,33,1,tinyml,,,,38.190,0.000,0.000,0.000,0.000,0.000
1779008249,36.72,32.01,48.60,33,1,tinyml,,,,38.220,0.000,0.000,0.000,0.000,0.000
1779008254,36.72,32.03,48.50,34,1,tinyml,,,,38.220,0.000,0.000,0.000,0.000,0.000
1779008259,36.73,32.03,48.50,34,1,tinyml,,,,38.230,0.000,0.000,0.000,0.000,0.000
1779008264,36.76,32.03,48.40,34,1,tinyml,,,,38.260,0.000,0.000,0.000,0.000,0.000
1779008269,36.80,32.03,48.40,34,1,tinyml,,,,38.300,0.000,0.000,0.000,0.000,0.000
1779008274,36.86,32.04,48.30,34,1,tinyml,,,,38.360,0.000,0.000,0.000,0.000,0.000
1779008279,36.89,32.04,48.30,34,1,tinyml,,,,38.390,0.000,0.000,0.000,0.000,0.000
1779008284,36.90,32.04,48.20,34,1,tinyml,,,,38.400,0.000,0.000,0.000,0.000,0.000
1779008289,36.93,32.04,48.10,34,1,tinyml,,,,38.430,0.000,0.000,0.000,0.000,0.000
1779008294,36.97,32.04,48.10,34,1,tinyml,,,,38.470,0.000,0.000,0.000,0.000,0.000
1779008299,37.03,32.03,48.00,33,1,tinyml,,,,38.530,0.000,0.000,0.000,0.000,0.000
1779008304,37.07,32.04,47.90,33,1,tinyml,,,,38.570,0.000,0.000,0.000,0.000,0.000
1779008309,37.11,32.07,47.80,33,1,tinyml,,,,38.610,0.000,0.000,0.000,0.000,0.000
1779008314,37.17,32.06,47.80,32,1,tinyml,,,,38.670,0.000,0.000,0.000,0.000,0.000
1779008319,37.20,32.06,47.70,32,1,tinyml,,,,38.700,0.000,0.000,0.000,0.000,0.000
1779008324,37.24,32.06,47.70,32,1,tinyml,,,,38.740,0.000,0.000,0.000,0.000,0.000
1779008329,37.31,32.06,47.60,31,1,tinyml,,,,38.810,0.000,0.000,0.000,0.000,0.000
1779008334,37.34,32.06,47.50,31,1,tinyml,,,,38.840,0.000,0.000,0.000,0.000,0.000
1779008339,37.38,32.07,47.50,30,1,tinyml,,,,38.880,0.000,0.000,0.000,0.000,0.000
1779008344,37.39,32.07,47.40,30,1,tinyml,,,,38.890,0.000,0.000,0.000,0.000,0.000
1779008349,37.44,32.06,47.30,30,1,tinyml,,,,38.940,0.000,0.000,0.000,0.000,0.000
1779008354,37.48,32.04,47.20,29,1,tinyml,,,,38.980,0.000,0.000,0.000,0.000,0.000
1779008359,37.49,32.06,47.20,29,1,tinyml,,,,38.990,0.000,0.000,0.000,0.000,0.000
1779008364,37.54,32.07,47.10,29,1,tinyml,,,,39.040,0.000,0.000,0.000,0.000,0.000
1779008369,37.55,32.06,47.10,33,1,tinyml,,,,38.802,0.000,0.000,0.000,0.000,0.000
1779008374,37.58,32.09,47.10,29,1,tinyml,,,,39.063,0.000,0.000,0.000,0.000,0.000
1779008379,37.60,32.07,47.00,31,1,tinyml,,,,38.933,0.000,0.000,0.000,0.000,0.000
1779008384,37.64,32.06,47.00,28,1,tinyml,,,,39.140,0.000,0.000,0.000,0.000,0.000
1779008389,37.65,32.06,46.90,29,1,tinyml,,,,39.063,0.000,0.000,0.000,0.000,0.000
1779008394,37.64,32.04,46.90,28,1,tinyml,,,,39.140,0.000,0.000,0.000,0.000,0.000
1779008399,37.68,32.07,46.90,29,1,tinyml,,,,39.063,0.000,0.000,0.000,0.000,0.000
1779008404,37.68,32.06,46.90,28,1,tinyml,,,,39.180,0.000,0.000,0.000,0.000,0.000
1779008409,37.69,32.06,46.90,30,1,tinyml,,,,39.063,0.000,0.000,0.000,0.000,0.000
1779008414,37.69,32.07,46.90,28,1,tinyml,,,,39.190,0.000,0.000,0.000,0.000,0.000
1779008419,37.69,32.10,46.80,28,1,tinyml,,,,39.190,0.000,0.000,0.000,0.000,0.000
1779008424,37.74,32.06,46.80,27,1,tinyml,,,,39.240,0.000,0.000,0.000,0.000,0.000
1779008429,37.75,32.06,46.80,27,1,tinyml,,,,39.250,0.000,0.000,0.000,0.000,0.000
1779008434,37.76,32.07,46.80,27,1,tinyml,,,,39.260,0.000,0.000,0.000,0.000,0.000
1779008439,37.74,32.07,46.80,27,1,tinyml,,,,39.240,0.000,0.000,0.000,0.000,0.000
1779008444,37.76,32.07,46.80,27,1,tinyml,,,,39.260,0.000,0.000,0.000,0.000,0.000
1779008449,37.75,32.07,46.80,28,1,tinyml,,,,39.250,0.000,0.000,0.000,0.000,0.000
1779008454,37.76,32.07,46.80,27,1,tinyml,,,,39.260,0.000,0.000,0.000,0.000,0.000
1779008459,37.78,32.04,46.80,27,1,tinyml,,,,39.280,0.000,0.000,0.000,0.000,0.000
1779008464,37.76,32.06,46.70,29,1,tinyml,,,,39.194,0.000,0.000,0.000,0.000,0.000
1779008469,37.78,32.04,46.70,29,1,tinyml,,,,39.194,0.000,0.000,0.000,0.000,0.000
1779008474,37.76,32.06,46.70,29,1,tinyml,,,,39.194,0.000,0.000,0.000,0.000,0.000
1779008479,37.78,32.04,46.70,29,1,tinyml,,,,39.194,0.000,0.000,0.000,0.000,0.000
1779008484,37.76,32.07,46.70,29,1,tinyml,,,,39.194,0.000,0.000,0.000,0.000,0.000
1779008489,37.81,32.09,46.80,27,1,tinyml,,,,39.310,0.000,0.000,0.000,0.000,0.000
1779008494,37.78,32.09,46.70,30,1,tinyml,,,,39.194,0.000,0.000,0.000,0.000,0.000
1779008499,37.76,32.07,46.70,28,1,tinyml,,,,39.260,0.000,0.000,0.000,0.000,0.000
1779008504,37.76,32.09,46.70,29,1,tinyml,,,,39.260,0.000,0.000,0.000,0.000,0.000
1779008509,37.79,32.10,46.70,28,1,tinyml,,,,39.290,0.000,0.000,0.000,0.000,0.000
1779008514,37.78,32.09,46.70,28,1,tinyml,,,,39.280,0.000,0.000,0.000,0.000,0.000
1779008519,37.78,32.07,46.70,29,1,tinyml,,,,39.280,0.000,0.000,0.000,0.000,0.000
1779008524,37.79,32.07,46.70,28,1,tinyml,,,,39.290,0.000,0.000,0.000,0.000,0.000
1779008529,37.79,32.09,46.70,29,1,tinyml,,,,39.290,0.000,0.000,0.000,0.000,0.000
1779008534,37.81,32.07,46.70,28,1,tinyml,,,,39.310,0.000,0.000,0.000,0.000,0.000
1779008539,37.79,32.10,46.70,29,1,tinyml,,,,39.290,0.000,0.000,0.000,0.000,0.000
1779008544,37.81,32.09,46.70,29,1,tinyml,,,,39.310,0.000,0.000,0.000,0.000,0.000
1779008549,37.81,32.09,46.70,29,1,tinyml,,,,39.310,0.000,0.000,0.000,0.000,0.000
1779008554,37.81,32.09,46.70,29,1,tinyml,,,,39.310,0.000,0.000,0.000,0.000,0.000
1779008559,37.81,32.09,46.70,29,1,tinyml,,,,39.310,0.000,0.000,0.000,0.000,0.000
1779008564,37.81,32.13,46.70,29,1,tinyml,,,,39.310,0.000,0.000,0.000,0.000,0.000
1779008569,37.82,32.10,46.70,29,1,tinyml,,,,39.320,0.000,0.000,0.000,0.000,0.000
1779008574,37.79,32.10,46.60,29,1,tinyml,,,,39.290,0.000,0.000,0.000,0.000,0.000
1779008579,37.81,32.11,46.60,29,1,tinyml,,,,39.310,0.000,0.000,0.000,0.000,0.000
1779008584,37.81,32.14,46.60,29,1,tinyml,,,,39.310,0.000,0.000,0.000,0.000,0.000
1779008589,37.82,32.14,46.60,29,1,tinyml,,,,39.320,0.000,0.000,0.000,0.000,0.000
1779008594,37.83,32.14,46.60,29,1,tinyml,,,,39.330,0.000,0.000,0.000,0.000,0.000
1779008599,37.83,32.14,46.70,29,1,tinyml,,,,39.330,0.000,0.000,0.000,0.000,0.000
1779008604,37.83,32.14,46.60,29,1,tinyml,,,,39.330,0.000,0.000,0.000,0.000,0.000
1779008609,37.83,32.14,46.60,29,1,tinyml,,,,39.330,0.000,0.000,0.000,0.000,0.000
1779008614,37.85,32.14,46.60,29,1,tinyml,,,,39.350,0.000,0.000,0.000,0.000,0.000
1779008619,37.83,32.16,46.60,30,1,tinyml,,,,39.330,0.000,0.000,0.000,0.000,0.000
1779008624,37.86,32.17,46.60,29,1,tinyml,,,,39.360,0.000,0.000,0.000,0.000,0.000
1779008629,37.83,32.16,46.50,30,1,tinyml,,,,39.330,0.000,0.000,0.000,0.000,0.000
1779008634,37.83,32.18,46.50,30,1,tinyml,,,,39.330,0.000,0.000,0.000,0.000,0.000
1779008639,37.85,32.16,46.50,29,1,tinyml,,,,39.350,0.000,0.000,0.000,0.000,0.000
1779008644,37.89,32.11,46.60,29,1,tinyml,,,,39.390,0.000,0.000,0.000,0.000,0.000
1779008649,37.88,32.11,46.50,29,1,tinyml,,,,39.380,0.000,0.000,0.000,0.000,0.000
1779008654,37.88,32.10,46.60,29,1,tinyml,,,,39.380,0.000,0.000,0.000,0.000,0.000
1779008659,37.89,32.07,46.50,29,1,tinyml,,,,39.390,0.000,0.000,0.000,0.000,0.000
1779008664,37.93,32.09,46.50,28,1,tinyml,,,,39.430,0.000,0.000,0.000,0.000,0.000
1779008669,37.90,32.06,46.50,29,1,tinyml,,,,39.400,0.000,0.000,0.000,0.000,0.000
1779008674,37.92,32.09,46.50,29,1,tinyml,,,,39.420,0.000,0.000,0.000,0.000,0.000
1779008679,37.93,32.06,46.50,28,1,tinyml,,,,39.430,0.000,0.000,0.000,0.000,0.000
1779008684,37.92,32.06,46.40,29,1,tinyml,,,,39.420,0.000,0.000,0.000,0.000,0.000
1779008689,37.96,32.06,46.40,28,1,tinyml,,,,39.460,0.000,0.000,0.000,0.000,0.000
1779008694,37.94,32.07,46.40,28,1,tinyml,,,,39.440,0.000,0.000,0.000,0.000,0.000
1779008699,37.98,32.06,46.40,28,1,tinyml,,,,39.480,0.000,0.000,0.000,0.000,0.000
1779008704,37.98,32.04,46.40,28,1,tinyml,,,,39.480,0.000,0.000,0.000,0.000,0.000
1779008709,37.98,32.06,46.40,28,1,tinyml,,,,39.480,0.000,0.000,0.000,0.000,0.000
1779008714,38.00,32.09,46.40,27,1,tinyml,,,,39.500,0.000,0.000,0.000,0.000,0.000
1779008719,37.99,32.07,46.30,27,1,tinyml,,,,39.490,0.000,0.000,0.000,0.000,0.000
1779008724,37.99,32.04,46.30,27,1,tinyml,,,,39.490,0.000,0.000,0.000,0.000,0.000
1779008729,38.03,32.04,46.30,27,1,tinyml,,,,39.530,0.000,0.000,0.000,0.000,0.000
1779008734,37.99,32.06,46.30,27,1,tinyml,,,,39.490,0.000,0.000,0.000,0.000,0.000
1779008739,38.02,32.07,46.30,27,1,tinyml,,,,39.520,0.000,0.000,0.000,0.000,0.000
1779008744,37.99,32.06,46.30,27,1,tinyml,,,,39.490,0.000,0.000,0.000,0.000,0.000
1779008749,38.00,32.06,46.30,27,1,tinyml,,,,39.500,0.000,0.000,0.000,0.000,0.000
1779008754,38.03,32.06,46.30,27,1,tinyml,,,,39.530,0.000,0.000,0.000,0.000,0.000
1779008759,38.03,32.03,46.30,27,1,tinyml,,,,39.530,0.000,0.000,0.000,0.000,0.000
1779008764,38.03,32.03,46.30,27,1,tinyml,,,,39.530,0.000,0.000,0.000,0.000,0.000
1779008769,38.03,32.03,46.30,27,1,tinyml,,,,39.530,0.000,0.000,0.000,0.000,0.000
1779008774,38.03,32.01,46.30,27,1,tinyml,,,,39.530,0.000,0.000,0.000,0.000,0.000
1779008779,38.00,32.01,46.40,27,1,tinyml,,,,39.500,0.000,0.000,0.000,0.000,0.000
1779008784,37.99,31.98,46.30,27,1,tinyml,,,,39.490,0.000,0.000,0.000,0.000,0.000
1779008789,38.03,32.00,46.30,27,1,tinyml,,,,39.530,0.000,0.000,0.000,0.000,0.000
1779008794,38.02,32.00,46.30,27,1,tinyml,,,,39.520,0.000,0.000,0.000,0.000,0.000
1779008799,38.02,31.98,46.30,27,1,tinyml,,,,39.520,0.000,0.000,0.000,0.000,0.000
1779008804,38.02,31.98,46.30,27,1,tinyml,,,,39.520,0.000,0.000,0.000,0.000,0.000
1779008809,37.99,32.00,46.30,27,1,tinyml,,,,39.490,0.000,0.000,0.000,0.000,0.000
1779008814,38.02,31.98,46.30,27,1,tinyml,,,,39.520,0.000,0.000,0.000,0.000,0.000
1779008819,38.00,32.00,46.40,27,1,tinyml,,,,39.500,0.000,0.000,0.000,0.000,0.000
1779008824,37.99,32.03,46.40,27,1,tinyml,,,,39.490,0.000,0.000,0.000,0.000,0.000
1779008829,37.99,32.00,46.40,27,1,tinyml,,,,39.490,0.000,0.000,0.000,0.000,0.000
1779008834,38.02,31.98,46.40,27,1,tinyml,,,,39.520,0.000,0.000,0.000,0.000,0.000
1779008839,38.00,31.98,46.40,27,1,tinyml,,,,39.500,0.000,0.000,0.000,0.000,0.000
1779008844,37.98,32.00,46.40,28,1,tinyml,,,,39.480,0.000,0.000,0.000,0.000,0.000
1779008849,37.99,31.97,46.40,27,1,tinyml,,,,39.490,0.000,0.000,0.000,0.000,0.000
1779008854,38.00,31.98,46.40,27,1,tinyml,,,,39.500,0.000,0.000,0.000,0.000,0.000
1779008859,38.00,31.96,46.40,27,1,tinyml,,,,39.500,0.000,0.000,0.000,0.000,0.000
1779008864,38.00,31.96,46.30,27,1,tinyml,,,,39.500,0.000,0.000,0.000,0.000,0.000
1779008869,37.96,31.97,46.40,28,1,tinyml,,,,39.460,0.000,0.000,0.000,0.000,0.000
1779008874,38.02,31.96,46.40,27,1,tinyml,,,,39.520,0.000,0.000,0.000,0.000,0.000
1779008879,37.99,31.96,46.40,27,1,tinyml,,,,39.490,0.000,0.000,0.000,0.000,0.000
1779008884,38.02,31.98,46.40,27,1,tinyml,,,,39.520,0.000,0.000,0.000,0.000,0.000
1779008889,37.99,31.97,46.40,27,1,tinyml,,,,39.490,0.000,0.000,0.000,0.000,0.000
1779008894,38.00,31.94,46.30,27,1,tinyml,,,,39.500,0.000,0.000,0.000,0.000,0.000
1779008899,37.99,31.94,46.30,27,1,tinyml,,,,39.490,0.000,0.000,0.000,0.000,0.000
1779008904,37.99,31.96,46.30,27,1,tinyml,,,,39.490,0.000,0.000,0.000,0.000,0.000
1779008909,38.02,31.96,46.40,27,1,tinyml,,,,39.520,0.000,0.000,0.000,0.000,0.000
1779008914,37.99,31.96,46.30,27,1,tinyml,,,,39.490,0.000,0.000,0.000,0.000,0.000
1779008919,38.02,31.97,46.30,27,1,tinyml,,,,39.520,0.000,0.000,0.000,0.000,0.000
1779008924,37.98,31.96,46.30,28,1,tinyml,,,,39.480,0.000,0.000,0.000,0.000,0.000
1779008929,37.99,31.94,46.30,27,1,tinyml,,,,39.490,0.000,0.000,0.000,0.000,0.000
1779008934,38.00,31.94,46.30,27,1,tinyml,,,,39.500,0.000,0.000,0.000,0.000,0.000
1779008939,38.00,31.96,46.30,27,1,tinyml,,,,39.500,0.000,0.000,0.000,0.000,0.000
1779008944,38.02,31.96,46.30,27,1,tinyml,,,,39.520,0.000,0.000,0.000,0.000,0.000
1779008949,37.99,31.96,46.30,27,1,tinyml,,,,39.490,0.000,0.000,0.000,0.000,0.000
1779008954,38.00,31.96,46.30,27,1,tinyml,,,,39.500,0.000,0.000,0.000,0.000,0.000
1779008959,38.00,31.96,46.30,27,1,tinyml,,,,39.500,0.000,0.000,0.000,0.000,0.000
1779008964,38.02,31.98,46.30,27,1,tinyml,,,,39.520,0.000,0.000,0.000,0.000,0.000
1779008969,37.99,31.97,46.30,27,1,tinyml,,,,39.490,0.000,0.000,0.000,0.000,0.000
1779008974,38.00,31.97,46.20,27,1,tinyml,,,,39.500,0.000,0.000,0.000,0.000,0.000
1779008979,38.00,31.98,46.30,27,1,tinyml,,,,39.500,0.000,0.000,0.000,0.000,0.000
1779008984,38.00,32.00,46.30,27,1,tinyml,,,,39.500,0.000,0.000,0.000,0.000,0.000
1779008989,38.02,32.01,46.30,27,1,tinyml,,,,39.520,0.000,0.000,0.000,0.000,0.000
1779008994,38.02,31.98,46.30,27,1,tinyml,,,,39.520,0.000,0.000,0.000,0.000,0.000
1779008999,37.99,32.03,46.30,27,1,tinyml,,,,39.490,0.000,0.000,0.000,0.000,0.000
1779009004,38.00,32.01,46.30,27,1,tinyml,,,,39.500,0.000,0.000,0.000,0.000,0.000
1779009009,38.00,32.01,46.30,27,1,tinyml,,,,39.500,0.000,0.000,0.000,0.000,0.000
1779009014,38.00,32.03,46.30,27,1,tinyml,,,,39.500,0.000,0.000,0.000,0.000,0.000
1779009019,38.00,32.01,46.30,27,1,tinyml,,,,39.500,0.000,0.000,0.000,0.000,0.000
1779009024,38.00,32.01,46.30,27,1,tinyml,,,,39.500,0.000,0.000,0.000,0.000,0.000
1779009029,38.02,32.00,46.30,27,1,tinyml,,,,39.520,0.000,0.000,0.000,0.000,0.000
1779009034,38.02,32.01,46.20,27,1,tinyml,,,,39.520,0.000,0.000,0.000,0.000,0.000
1779009039,38.03,31.97,46.30,27,1,tinyml,,,,39.530,0.000,0.000,0.000,0.000,0.000
1779009044,38.00,31.98,46.30,27,1,tinyml,,,,39.500,0.000,0.000,0.000,0.000,0.000
1779009049,38.00,31.98,46.30,27,1,tinyml,,,,39.500,0.000,0.000,0.000,0.000,0.000
1779009054,37.99,31.98,46.30,27,1,tinyml,,,,39.490,0.000,0.000,0.000,0.000,0.000
1779009059,38.02,31.97,46.30,27,1,tinyml,,,,39.520,0.000,0.000,0.000,0.000,0.000
1779009064,38.00,31.97,46.30,27,1,tinyml,,,,39.500,0.000,0.000,0.000,0.000,0.000
1779009069,38.02,31.96,46.30,27,1,tinyml,,,,39.520,0.000,0.000,0.000,0.000,0.000
1779009074,38.03,31.98,46.20,27,1,tinyml,,,,39.530,0.000,0.000,0.000,0.000,0.000
1779009079,38.00,32.00,46.20,27,1,tinyml,,,,39.500,0.000,0.000,0.000,0.000,0.000
1779009084,38.02,31.97,46.30,27,1,tinyml,,,,39.520,0.000,0.000,0.000,0.000,0.000
1779009089,38.00,32.00,46.20,27,1,tinyml,,,,39.500,0.000,0.000,0.000,0.000,0.000
1779009094,38.02,31.96,46.20,27,1,tinyml,,,,39.520,0.000,0.000,0.000,0.000,0.000
1779009099,37.99,31.97,46.30,27,1,tinyml,,,,39.490,0.000,0.000,0.000,0.000,0.000
1779009104,38.00,32.04,46.20,27,1,tinyml,,,,39.500,0.000,0.000,0.000,0.000,0.000
1779009109,38.00,32.01,46.20,27,1,tinyml,,,,39.500,0.000,0.000,0.000,0.000,0.000
1779009114,38.00,31.98,46.20,27,1,tinyml,,,,39.500,0.000,0.000,0.000,0.000,0.000
1779009119,38.02,31.98,46.20,27,1,tinyml,,,,39.520,0.000,0.000,0.000,0.000,0.000
1779009124,38.02,31.97,46.20,27,1,tinyml,,,,39.520,0.000,0.000,0.000,0.000,0.000
1779009129,38.00,31.97,46.20,27,1,tinyml,,,,39.500,0.000,0.000,0.000,0.000,0.000
1779009134,38.00,32.01,46.20,27,1,tinyml,,,,39.500,0.000,0.000,0.000,0.000,0.000
1779009139,38.02,31.98,46.20,27,1,tinyml,,,,39.520,0.000,0.000,0.000,0.000,0.000
1779009144,38.00,31.98,46.20,27,1,tinyml,,,,39.500,0.000,0.000,0.000,0.000,0.000
1779009149,38.03,31.98,46.20,26,1,tinyml,,,,39.530,0.000,0.000,0.000,0.000,0.000
1779009154,38.03,31.97,46.20,26,1,tinyml,,,,39.530,0.000,0.000,0.000,0.000,0.000
1779009159,38.00,31.96,46.20,27,1,tinyml,,,,39.500,0.000,0.000,0.000,0.000,0.000
1779009164,38.03,31.96,46.10,26,1,tinyml,,,,39.530,0.000,0.000,0.000,0.000,0.000
1779009169,38.02,31.94,46.10,27,1,tinyml,,,,39.520,0.000,0.000,0.000,0.000,0.000
1779009174,38.05,31.96,46.10,26,1,tinyml,,,,39.550,0.000,0.000,0.000,0.000,0.000
1779009179,38.06,31.98,46.10,26,1,tinyml,,,,39.560,0.000,0.000,0.000,0.000,0.000
1779009184,38.03,31.94,46.10,26,1,tinyml,,,,39.530,0.000,0.000,0.000,0.000,0.000
1779009189,38.05,31.96,46.10,26,1,tinyml,,,,39.550,0.000,0.000,0.000,0.000,0.000
1779009194,38.03,31.94,46.00,26,1,tinyml,,,,39.530,0.000,0.000,0.000,0.000,0.000
1779009199,38.03,31.96,46.00,26,1,tinyml,,,,39.530,0.000,0.000,0.000,0.000,0.000
1779009204,38.06,31.96,46.10,26,1,tinyml,,,,39.560,0.000,0.000,0.000,0.000,0.000
1779009209,38.05,31.94,46.10,26,1,tinyml,,,,39.550,0.000,0.000,0.000,0.000,0.000
1779009214,38.03,31.93,46.10,26,1,tinyml,,,,39.530,0.000,0.000,0.000,0.000,0.000
1779009219,38.03,31.93,46.10,26,1,tinyml,,,,39.530,0.000,0.000,0.000,0.000,0.000
1779009224,38.03,31.94,46.10,26,1,tinyml,,,,39.530,0.000,0.000,0.000,0.000,0.000
1779009229,38.03,31.91,46.10,26,1,tinyml,,,,39.530,0.000,0.000,0.000,0.000,0.000
1779009234,38.03,31.90,46.20,26,1,tinyml,,,,39.530,0.000,0.000,0.000,0.000,0.000
1779009239,38.03,31.93,46.10,26,1,tinyml,,,,39.530,0.000,0.000,0.000,0.000,0.000
1779009244,38.02,31.91,46.10,26,1,tinyml,,,,39.520,0.000,0.000,0.000,0.000,0.000
1779009249,38.03,31.94,46.10,26,1,tinyml,,,,39.530,0.000,0.000,0.000,0.000,0.000
1779009261,38.02,31.90,46.10,26,1,tinyml,,,,39.520,0.000,0.000,0.000,0.000,0.000
1779009261,38.02,31.91,46.10,26,1,tinyml,,,,39.520,0.000,0.000,0.000,0.000,0.000
1779009272,38.00,31.90,46.10,27,1,tinyml,,,,39.500,0.000,0.000,0.000,0.000,0.000
1779009272,38.00,31.89,46.10,27,1,tinyml,,,,39.500,0.000,0.000,0.000,0.000,0.000
1779009336,38.00,31.79,46.00,27,1,tinyml,,,,39.500,0.000,0.000,0.000,0.000,0.000
1779009341,37.99,31.77,46.00,27,1,tinyml,,,,39.490,0.000,0.000,0.000,0.000,0.000
1779009346,38.00,31.79,46.00,27,1,tinyml,,,,39.500,0.000,0.000,0.000,0.000,0.000
1779009351,38.00,31.79,46.00,27,1,tinyml,,,,39.500,0.000,0.000,0.000,0.000,0.000
1779009356,38.00,31.79,46.00,27,1,tinyml,,,,39.500,0.000,0.000,0.000,0.000,0.000
1779009361,38.00,31.80,46.00,27,1,tinyml,,,,39.500,0.000,0.000,0.000,0.000,0.000
1779009366,37.98,31.79,46.00,27,1,tinyml,,,,39.480,0.000,0.000,0.000,0.000,0.000
1779009371,37.99,31.77,46.00,27,1,tinyml,,,,39.490,0.000,0.000,0.000,0.000,0.000
1779009376,38.03,31.77,46.00,26,1,tinyml,,,,39.530,0.000,0.000,0.000,0.000,0.000
1779009381,38.00,31.76,46.00,27,1,tinyml,,,,39.500,0.000,0.000,0.000,0.000,0.000
1779009386,38.00,31.77,46.00,27,1,tinyml,,,,39.500,0.000,0.000,0.000,0.000,0.000
1779009391,38.03,31.74,46.00,26,1,tinyml,,,,39.530,0.000,0.000,0.000,0.000,0.000
1779009396,38.03,31.79,46.00,26,1,tinyml,,,,39.530,0.000,0.000,0.000,0.000,0.000
1779009401,37.99,31.77,45.90,27,1,tinyml,,,,39.490,0.000,0.000,0.000,0.000,0.000
1779009406,37.98,31.74,46.00,27,1,tinyml,,,,39.480,0.000,0.000,0.000,0.000,0.000
1779009411,38.00,31.73,45.90,27,1,tinyml,,,,39.500,0.000,0.000,0.000,0.000,0.000
1779009416,37.99,31.72,46.00,27,1,tinyml,,,,39.490,0.000,0.000,0.000,0.000,0.000
1779009421,38.02,31.70,45.90,26,1,tinyml,,,,39.520,0.000,0.000,0.000,0.000,0.000
1779009426,38.00,31.73,45.90,27,1,tinyml,,,,39.500,0.000,0.000,0.000,0.000,0.000
1779009431,38.02,31.70,45.80,26,1,tinyml,,,,39.520,0.000,0.000,0.000,0.000,0.000
1779009436,38.00,31.72,45.90,27,1,tinyml,,,,39.500,0.000,0.000,0.000,0.000,0.000
1779009441,38.00,31.72,45.90,27,1,tinyml,,,,39.500,0.000,0.000,0.000,0.000,0.000
1779009446,38.00,31.73,45.90,27,1,tinyml,,,,39.500,0.000,0.000,0.000,0.000,0.000
1779009451,38.03,31.70,45.90,26,1,tinyml,,,,39.530,0.000,0.000,0.000,0.000,0.000
1779009456,38.00,31.70,45.90,27,1,tinyml,,,,39.500,0.000,0.000,0.000,0.000,0.000
1779009461,37.99,31.73,45.90,27,1,tinyml,,,,39.490,0.000,0.000,0.000,0.000,0.000
1779009466,37.96,31.70,45.80,27,1,tinyml,,,,39.460,0.000,0.000,0.000,0.000,0.000
1779009471,38.00,31.69,45.90,27,1,tinyml,,,,39.500,0.000,0.000,0.000,0.000,0.000
1779009476,37.98,31.70,45.90,27,1,tinyml,,,,39.480,0.000,0.000,0.000,0.000,0.000
1779009481,38.00,31.72,45.80,27,1,tinyml,,,,39.500,0.000,0.000,0.000,0.000,0.000
1779009486,37.99,31.70,45.90,27,1,tinyml,,,,39.490,0.000,0.000,0.000,0.000,0.000
1779009491,38.02,31.73,45.80,26,1,tinyml,,,,39.520,0.000,0.000,0.000,0.000,0.000
1779009496,37.99,31.73,45.80,27,1,tinyml,,,,39.490,0.000,0.000,0.000,0.000,0.000
1779009501,38.00,31.72,45.80,27,1,tinyml,,,,39.500,0.000,0.000,0.000,0.000,0.000
1779009506,38.00,31.73,45.80,27,1,tinyml,,,,39.500,0.000,0.000,0.000,0.000,0.000
1779009511,37.99,31.73,45.80,27,1,tinyml,,,,39.490,0.000,0.000,0.000,0.000,0.000
1779009516,38.02,31.73,45.80,26,1,tinyml,,,,39.520,0.000,0.000,0.000,0.000,0.000
1779009521,38.02,31.70,45.80,26,1,tinyml,,,,39.520,0.000,0.000,0.000,0.000,0.000
1779009526,38.02,31.72,45.90,26,1,tinyml,,,,39.520,0.000,0.000,0.000,0.000,0.000
1779009531,38.02,31.72,45.80,26,1,tinyml,,,,39.520,0.000,0.000,0.000,0.000,0.000
1779009536,38.02,31.69,45.80,26,1,tinyml,,,,39.520,0.000,0.000,0.000,0.000,0.000
1779009541,38.00,31.73,45.80,27,1,tinyml,,,,39.500,0.000,0.000,0.000,0.000,0.000
1779009546,38.00,31.72,45.80,27,1,tinyml,,,,39.500,0.000,0.000,0.000,0.000,0.000
1779009551,38.00,31.70,45.80,27,1,tinyml,,,,39.500,0.000,0.000,0.000,0.000,0.000
1779009556,38.00,31.70,45.80,27,1,tinyml,,,,39.500,0.000,0.000,0.000,0.000,0.000
1779009561,38.02,31.73,45.80,26,1,tinyml,,,,39.520,0.000,0.000,0.000,0.000,0.000
1779009566,38.00,31.74,45.80,27,1,tinyml,,,,39.500,0.000,0.000,0.000,0.000,0.000
1779009571,38.03,31.72,45.80,26,1,tinyml,,,,39.530,0.000,0.000,0.000,0.000,0.000
1779009576,38.03,31.74,45.70,26,1,tinyml,,,,39.530,0.000,0.000,0.000,0.000,0.000
1779009581,38.03,31.73,45.80,26,1,tinyml,,,,39.530,0.000,0.000,0.000,0.000,0.000
1779009586,38.03,31.77,45.80,26,1,tinyml,,,,39.530,0.000,0.000,0.000,0.000,0.000
1779009591,38.02,31.74,45.80,26,1,tinyml,,,,39.520,0.000,0.000,0.000,0.000,0.000
1779009596,38.02,31.73,45.80,26,1,tinyml,,,,39.520,0.000,0.000,0.000,0.000,0.000
1779009601,38.00,31.74,45.80,27,1,tinyml,,,,39.500,0.000,0.000,0.000,0.000,0.000
1779009606,37.99,31.73,45.80,27,1,tinyml,,,,39.490,0.000,0.000,0.000,0.000,0.000
1779009611,37.99,31.72,45.80,27,1,tinyml,,,,39.490,0.000,0.000,0.000,0.000,0.000
1779009616,38.02,31.73,45.80,26,1,tinyml,,,,39.520,0.000,0.000,0.000,0.000,0.000
1779009621,38.02,31.73,45.80,26,1,tinyml,,,,39.520,0.000,0.000,0.000,0.000,0.000
1779009626,38.02,31.72,45.80,26,1,tinyml,,,,39.520,0.000,0.000,0.000,0.000,0.000
1779009631,37.99,31.72,45.80,27,1,tinyml,,,,39.490,0.000,0.000,0.000,0.000,0.000
1779009636,37.99,31.73,45.80,27,1,tinyml,,,,39.490,0.000,0.000,0.000,0.000,0.000
1779009641,37.99,31.74,45.80,27,1,tinyml,,,,39.490,0.000,0.000,0.000,0.000,0.000
1779009646,38.02,31.73,45.80,26,1,tinyml,,,,39.520,0.000,0.000,0.000,0.000,0.000
1779009651,38.02,31.74,45.80,26,1,tinyml,,,,39.520,0.000,0.000,0.000,0.000,0.000
1779009656,38.02,31.76,45.80,26,1,tinyml,,,,39.520,0.000,0.000,0.000,0.000,0.000
1779009661,38.00,31.74,45.70,27,1,tinyml,,,,39.500,0.000,0.000,0.000,0.000,0.000
1779009666,38.00,31.73,45.80,27,1,tinyml,,,,39.500,0.000,0.000,0.000,0.000,0.000
1779009671,38.00,31.74,45.80,27,1,tinyml,,,,39.500,0.000,0.000,0.000,0.000,0.000
1779009676,38.00,31.76,45.80,27,1,tinyml,,,,39.500,0.000,0.000,0.000,0.000,0.000
1779009681,38.00,31.73,45.80,27,1,tinyml,,,,39.500,0.000,0.000,0.000,0.000,0.000
1779009686,38.03,31.72,45.80,26,1,tinyml,,,,39.530,0.000,0.000,0.000,0.000,0.000
1779009691,38.02,31.74,45.80,26,1,tinyml,,,,39.520,0.000,0.000,0.000,0.000,0.000
1779009696,37.99,31.73,45.80,27,1,tinyml,,,,39.490,0.000,0.000,0.000,0.000,0.000
1779009701,38.00,31.74,45.80,27,1,tinyml,,,,39.500,0.000,0.000,0.000,0.000,0.000
1779009706,38.02,31.70,45.80,26,1,tinyml,,,,39.520,0.000,0.000,0.000,0.000,0.000
1779009711,38.00,31.73,45.90,27,1,tinyml,,,,39.500,0.000,0.000,0.000,0.000,0.000
1779009716,38.02,31.74,45.80,26,1,tinyml,,,,39.520,0.000,0.000,0.000,0.000,0.000
1779009721,38.00,31.74,45.80,27,1,tinyml,,,,39.500,0.000,0.000,0.000,0.000,0.000
1779009726,38.05,31.73,45.80,26,1,tinyml,,,,39.550,0.000,0.000,0.000,0.000,0.000
1779009731,38.02,31.72,45.80,26,1,tinyml,,,,39.520,0.000,0.000,0.000,0.000,0.000
1779009736,38.02,31.72,45.80,26,1,tinyml,,,,39.520,0.000,0.000,0.000,0.000,0.000
1779009741,38.02,31.69,45.80,26,1,tinyml,,,,39.520,0.000,0.000,0.000,0.000,0.000
1779009746,38.02,31.69,45.80,26,1,tinyml,,,,39.520,0.000,0.000,0.000,0.000,0.000
1779009751,38.00,31.67,45.80,26,1,tinyml,,,,39.500,0.000,0.000,0.000,0.000,0.000
1779009756,38.03,31.70,45.80,26,1,tinyml,,,,39.530,0.000,0.000,0.000,0.000,0.000
1779009761,38.02,31.69,45.80,26,1,tinyml,,,,39.520,0.000,0.000,0.000,0.000,0.000
1779009766,38.03,31.72,45.80,26,1,tinyml,,,,39.530,0.000,0.000,0.000,0.000,0.000
1779009771,38.02,31.72,45.80,26,1,tinyml,,,,39.520,0.000,0.000,0.000,0.000,0.000
1779009776,37.99,31.67,45.80,27,1,tinyml,,,,39.490,0.000,0.000,0.000,0.000,0.000
1779009781,38.02,31.72,45.80,26,1,tinyml,,,,39.520,0.000,0.000,0.000,0.000,0.000
1779009786,37.99,31.69,45.80,27,1,tinyml,,,,39.490,0.000,0.000,0.000,0.000,0.000
1779009791,38.00,31.73,45.80,26,1,tinyml,,,,39.500,0.000,0.000,0.000,0.000,0.000
1779009796,38.02,31.72,45.80,26,1,tinyml,,,,39.520,0.000,0.000,0.000,0.000,0.000
1779009801,38.05,31.73,45.80,25,1,tinyml,,,,39.550,0.000,0.000,0.000,0.000,0.000
1779009806,38.02,31.72,45.80,26,1,tinyml,,,,39.520,0.000,0.000,0.000,0.000,0.000
1779009811,38.02,31.73,45.70,26,1,tinyml,,,,39.520,0.000,0.000,0.000,0.000,0.000
1779009816,37.99,31.73,45.70,27,1,tinyml,,,,39.490,0.000,0.000,0.000,0.000,0.000
1779009821,38.02,31.73,45.80,26,1,tinyml,,,,39.520,0.000,0.000,0.000,0.000,0.000
1779009826,37.99,31.70,45.80,27,1,tinyml,,,,39.490,0.000,0.000,0.000,0.000,0.000
1779009831,38.00,31.72,45.80,26,1,tinyml,,,,39.500,0.000,0.000,0.000,0.000,0.000
1779009836,38.02,31.73,45.70,26,1,tinyml,,,,39.520,0.000,0.000,0.000,0.000,0.000
1779009841,38.00,31.72,45.70,26,1,tinyml,,,,39.500,0.000,0.000,0.000,0.000,0.000
1779009846,38.02,31.73,45.70,26,1,tinyml,,,,39.520,0.000,0.000,0.000,0.000,0.000
1779009851,37.98,31.72,45.80,27,1,tinyml,,,,39.480,0.000,0.000,0.000,0.000,0.000
1779009856,38.00,31.70,45.80,26,1,tinyml,,,,39.500,0.000,0.000,0.000,0.000,0.000
1779009861,37.99,31.73,45.70,27,1,tinyml,,,,39.490,0.000,0.000,0.000,0.000,0.000
1779009866,38.00,31.73,45.80,26,1,tinyml,,,,39.500,0.000,0.000,0.000,0.000,0.000
1779009871,38.00,31.72,45.80,26,1,tinyml,,,,39.500,0.000,0.000,0.000,0.000,0.000
1779009876,37.99,31.70,45.80,27,1,tinyml,,,,39.490,0.000,0.000,0.000,0.000,0.000
1779009881,38.00,31.69,45.80,26,1,tinyml,,,,39.500,0.000,0.000,0.000,0.000,0.000
1779009886,38.02,31.67,45.80,26,1,tinyml,,,,39.520,0.000,0.000,0.000,0.000,0.000
1779009891,38.00,31.67,45.80,26,1,tinyml,,,,39.500,0.000,0.000,0.000,0.000,0.000
1779009896,38.02,31.69,45.80,26,1,tinyml,,,,39.520,0.000,0.000,0.000,0.000,0.000
1779009901,37.99,31.66,45.80,27,1,tinyml,,,,39.490,0.000,0.000,0.000,0.000,0.000
1779009906,38.00,31.65,45.80,26,1,tinyml,,,,39.500,0.000,0.000,0.000,0.000,0.000
1779009911,38.00,31.66,45.70,26,1,tinyml,,,,39.500,0.000,0.000,0.000,0.000,0.000
1779009916,38.02,31.66,45.80,26,1,tinyml,,,,39.520,0.000,0.000,0.000,0.000,0.000
1779009921,38.00,31.65,45.70,26,1,tinyml,,,,39.500,0.000,0.000,0.000,0.000,0.000
1779009926,37.98,31.65,45.70,27,1,tinyml,,,,39.480,0.000,0.000,0.000,0.000,0.000
1779009931,37.98,31.63,45.70,27,1,tinyml,,,,39.480,0.000,0.000,0.000,0.000,0.000
1779009936,37.98,31.63,45.70,27,1,tinyml,,,,39.480,0.000,0.000,0.000,0.000,0.000
1779009941,37.99,31.63,45.70,27,1,tinyml,,,,39.490,0.000,0.000,0.000,0.000,0.000
1779009946,37.99,31.62,45.70,27,1,tinyml,,,,39.490,0.000,0.000,0.000,0.000,0.000
1779009951,38.00,31.62,45.70,26,1,tinyml,,,,39.500,0.000,0.000,0.000,0.000,0.000
1779009956,38.00,31.62,45.60,26,1,tinyml,,,,39.500,0.000,0.000,0.000,0.000,0.000
1779009961,37.99,31.62,45.70,27,1,tinyml,,,,39.490,0.000,0.000,0.000,0.000,0.000
1779009966,38.00,31.61,45.70,26,1,tinyml,,,,39.500,0.000,0.000,0.000,0.000,0.000
1779009971,38.00,31.61,45.70,26,1,tinyml,,,,39.500,0.000,0.000,0.000,0.000,0.000
1779009976,37.99,31.62,45.70,27,1,tinyml,,,,39.490,0.000,0.000,0.000,0.000,0.000
1779009981,37.96,31.61,45.70,27,1,tinyml,,,,39.460,0.000,0.000,0.000,0.000,0.000
1779009986,38.00,31.61,45.70,26,1,tinyml,,,,39.500,0.000,0.000,0.000,0.000,0.000
1779009991,37.99,31.63,45.70,27,1,tinyml,,,,39.490,0.000,0.000,0.000,0.000,0.000
1779009996,37.99,31.61,45.70,27,1,tinyml,,,,39.490,0.000,0.000,0.000,0.000,0.000
1779010001,38.00,31.59,45.70,26,1,tinyml,,,,39.500,0.000,0.000,0.000,0.000,0.000
1779010006,38.02,31.61,45.70,26,1,tinyml,,,,39.520,0.000,0.000,0.000,0.000,0.000
1779010011,38.03,31.59,45.70,26,1,tinyml,,,,39.530,0.000,0.000,0.000,0.000,0.000
1779010016,38.00,31.59,45.70,26,1,tinyml,,,,39.500,0.000,0.000,0.000,0.000,0.000
1779010021,38.02,31.61,45.70,26,1,tinyml,,,,39.520,0.000,0.000,0.000,0.000,0.000
1779010026,38.02,31.59,45.70,26,1,tinyml,,,,39.520,0.000,0.000,0.000,0.000,0.000
1779010031,38.00,31.61,45.70,26,1,tinyml,,,,39.500,0.000,0.000,0.000,0.000,0.000
1779010036,38.02,31.62,45.60,26,1,tinyml,,,,39.520,0.000,0.000,0.000,0.000,0.000
1779010041,37.98,31.63,45.60,27,1,tinyml,,,,39.480,0.000,0.000,0.000,0.000,0.000
1779010046,38.00,31.61,45.70,26,1,tinyml,,,,39.500,0.000,0.000,0.000,0.000,0.000
1779010051,38.00,31.62,45.60,26,1,tinyml,,,,39.500,0.000,0.000,0.000,0.000,0.000
1779010056,37.99,31.61,45.60,27,1,tinyml,,,,39.490,0.000,0.000,0.000,0.000,0.000
1779010061,38.00,31.62,45.60,26,1,tinyml,,,,39.500,0.000,0.000,0.000,0.000,0.000
1779010066,38.00,31.62,45.60,26,1,tinyml,,,,39.500,0.000,0.000,0.000,0.000,0.000
1779010071,38.00,31.62,45.60,26,1,tinyml,,,,39.500,0.000,0.000,0.000,0.000,0.000
1779010076,37.99,31.63,45.60,27,1,tinyml,,,,39.490,0.000,0.000,0.000,0.000,0.000
1779010081,38.00,31.61,45.60,26,1,tinyml,,,,39.500,0.000,0.000,0.000,0.000,0.000
1779010086,37.99,31.62,45.60,27,1,tinyml,,,,39.490,0.000,0.000,0.000,0.000,0.000
1779010091,37.99,31.61,45.60,27,1,tinyml,,,,39.490,0.000,0.000,0.000,0.000,0.000
1779010096,38.00,31.62,45.70,26,1,tinyml,,,,39.500,0.000,0.000,0.000,0.000,0.000
1779010101,37.96,31.61,45.60,27,1,tinyml,,,,39.460,0.000,0.000,0.000,0.000,0.000
1779010106,37.99,31.61,45.60,27,1,tinyml,,,,39.490,0.000,0.000,0.000,0.000,0.000
1779010111,38.00,31.59,45.70,26,1,tinyml,,,,39.500,0.000,0.000,0.000,0.000,0.000
1779010116,37.99,31.61,45.60,27,1,tinyml,,,,39.490,0.000,0.000,0.000,0.000,0.000
1779010121,38.00,31.62,45.70,26,1,tinyml,,,,39.500,0.000,0.000,0.000,0.000,0.000
1779010126,38.03,31.62,45.60,26,1,tinyml,,,,39.530,0.000,0.000,0.000,0.000,0.000
1779010131,38.00,31.61,45.60,26,1,tinyml,,,,39.500,0.000,0.000,0.000,0.000,0.000
1779010136,38.02,31.61,45.60,26,1,tinyml,,,,39.520,0.000,0.000,0.000,0.000,0.000
1779010141,38.03,31.62,45.70,26,1,tinyml,,,,39.530,0.000,0.000,0.000,0.000,0.000
1779010146,38.02,31.65,45.60,26,1,tinyml,,,,39.520,0.000,0.000,0.000,0.000,0.000
1779010151,38.00,31.62,45.60,26,1,tinyml,,,,39.500,0.000,0.000,0.000,0.000,0.000
1779010156,38.02,31.62,45.60,26,1,tinyml,,,,39.520,0.000,0.000,0.000,0.000,0.000
1779010161,38.02,31.61,45.60,26,1,tinyml,,,,39.520,0.000,0.000,0.000,0.000,0.000
1779010166,38.00,31.63,45.60,26,1,tinyml,,,,39.500,0.000,0.000,0.000,0.000,0.000
1779010171,37.99,31.63,45.60,27,1,tinyml,,,,39.490,0.000,0.000,0.000,0.000,0.000
1779010176,37.99,31.65,45.70,27,1,tinyml,,,,39.490,0.000,0.000,0.000,0.000,0.000
1779010181,37.99,31.63,45.60,27,1,tinyml,,,,39.490,0.000,0.000,0.000,0.000,0.000
1779010186,37.99,31.63,45.60,27,1,tinyml,,,,39.490,0.000,0.000,0.000,0.000,0.000
1779010191,37.98,31.63,45.60,27,1,tinyml,,,,39.480,0.000,0.000,0.000,0.000,0.000
1779010196,37.99,31.61,45.60,27,1,tinyml,,,,39.490,0.000,0.000,0.000,0.000,0.000
1779010201,37.98,31.62,45.60,27,1,tinyml,,,,39.480,0.000,0.000,0.000,0.000,0.000
1779010206,38.00,31.61,45.60,26,1,tinyml,,,,39.500,0.000,0.000,0.000,0.000,0.000
1779010211,37.98,31.62,45.60,27,1,tinyml,,,,39.480,0.000,0.000,0.000,0.000,0.000
1779010216,38.00,31.59,45.60,26,1,tinyml,,,,39.500,0.000,0.000,0.000,0.000,0.000
1779010221,37.99,31.61,45.60,27,1,tinyml,,,,39.490,0.000,0.000,0.000,0.000,0.000
1779010226,38.00,31.61,45.60,26,1,tinyml,,,,39.500,0.000,0.000,0.000,0.000,0.000
1779010231,38.00,31.59,45.60,26,1,tinyml,,,,39.500,0.000,0.000,0.000,0.000,0.000
1779010236,37.99,31.58,45.60,27,1,tinyml,,,,39.490,0.000,0.000,0.000,0.000,0.000
1779010241,38.02,31.58,45.60,26,1,tinyml,,,,39.520,0.000,0.000,0.000,0.000,0.000
1779010246,37.99,31.59,45.60,27,1,tinyml,,,,39.490,0.000,0.000,0.000,0.000,0.000
1779010251,38.02,31.58,45.60,26,1,tinyml,,,,39.520,0.000,0.000,0.000,0.000,0.000
1779010256,38.02,31.56,45.60,26,1,tinyml,,,,39.520,0.000,0.000,0.000,0.000,0.000
1779010261,38.02,31.58,45.60,26,1,tinyml,,,,39.520,0.000,0.000,0.000,0.000,0.000
1779010266,38.02,31.56,45.60,26,1,tinyml,,,,39.520,0.000,0.000,0.000,0.000,0.000
1779010271,38.00,31.58,45.60,26,1,tinyml,,,,39.500,0.000,0.000,0.000,0.000,0.000
1779010276,38.02,31.56,45.60,26,1,tinyml,,,,39.520,0.000,0.000,0.000,0.000,0.000
1779010281,38.02,31.56,45.50,26,1,tinyml,,,,39.520,0.000,0.000,0.000,0.000,0.000
1779010286,38.02,31.54,45.50,26,1,tinyml,,,,39.520,0.000,0.000,0.000,0.000,0.000
1779010291,38.03,31.54,45.60,26,1,tinyml,,,,39.530,0.000,0.000,0.000,0.000,0.000
1779010296,38.02,31.54,45.60,26,1,tinyml,,,,39.520,0.000,0.000,0.000,0.000,0.000
1779010301,38.03,31.54,45.60,26,1,tinyml,,,,39.530,0.000,0.000,0.000,0.000,0.000
1779010306,38.03,31.56,45.60,26,1,tinyml,,,,39.530,0.000,0.000,0.000,0.000,0.000
1779010311,38.00,31.54,45.60,26,1,tinyml,,,,39.500,0.000,0.000,0.000,0.000,0.000
1779010316,38.00,31.56,45.60,26,1,tinyml,,,,39.500,0.000,0.000,0.000,0.000,0.000
1779010321,38.02,31.56,45.50,26,1,tinyml,,,,39.520,0.000,0.000,0.000,0.000,0.000
1779010326,38.02,31.56,45.60,26,1,tinyml,,,,39.520,0.000,0.000,0.000,0.000,0.000
1779010331,38.03,31.53,45.50,26,1,tinyml,,,,39.530,0.000,0.000,0.000,0.000,0.000
1779010336,38.02,31.54,45.50,26,1,tinyml,,,,39.520,0.000,0.000,0.000,0.000,0.000
1779010341,38.00,31.54,45.60,26,1,tinyml,,,,39.500,0.000,0.000,0.000,0.000,0.000
1779010346,38.02,31.54,45.50,26,1,tinyml,,,,39.520,0.000,0.000,0.000,0.000,0.000
1779010351,38.00,31.52,45.50,26,1,tinyml,,,,39.500,0.000,0.000,0.000,0.000,0.000
1779010356,38.00,31.54,45.60,26,1,tinyml,,,,39.500,0.000,0.000,0.000,0.000,0.000
1779010361,38.00,31.56,45.50,26,1,tinyml,,,,39.500,0.000,0.000,0.000,0.000,0.000
1779010366,38.00,31.53,45.60,26,1,tinyml,,,,39.500,0.000,0.000,0.000,0.000,0.000
1779010371,38.02,31.53,45.50,26,1,tinyml,,,,39.520,0.000,0.000,0.000,0.000,0.000
1779010376,38.02,31.54,45.50,26,1,tinyml,,,,39.520,0.000,0.000,0.000,0.000,0.000
1779010381,38.02,31.53,45.60,26,1,tinyml,,,,39.520,0.000,0.000,0.000,0.000,0.000
1779010386,37.99,31.52,45.60,26,1,tinyml,,,,39.490,0.000,0.000,0.000,0.000,0.000
1779010391,38.00,31.54,45.60,26,1,tinyml,,,,39.500,0.000,0.000,0.000,0.000,0.000
1779010396,38.00,31.54,45.60,26,1,tinyml,,,,39.500,0.000,0.000,0.000,0.000,0.000
1779010401,38.02,31.53,45.60,26,1,tinyml,,,,39.520,0.000,0.000,0.000,0.000,0.000
1779010406,38.00,31.54,45.50,26,1,tinyml,,,,39.500,0.000,0.000,0.000,0.000,0.000
1779010411,38.00,31.54,45.60,26,1,tinyml,,,,39.500,0.000,0.000,0.000,0.000,0.000
1779010416,37.99,31.53,45.60,26,1,tinyml,,,,39.490,0.000,0.000,0.000,0.000,0.000
1779010421,38.00,31.54,45.50,26,1,tinyml,,,,39.500,0.000,0.000,0.000,0.000,0.000
1779010426,37.99,31.56,45.50,26,1,tinyml,,,,39.490,0.000,0.000,0.000,0.000,0.000
1779010431,37.99,31.54,45.50,26,1,tinyml,,,,39.490,0.000,0.000,0.000,0.000,0.000
1779010436,37.99,31.54,45.50,26,1,tinyml,,,,39.490,0.000,0.000,0.000,0.000,0.000
1779010441,38.00,31.54,45.60,26,1,tinyml,,,,39.500,0.000,0.000,0.000,0.000,0.000
1779010446,38.02,31.54,45.50,26,1,tinyml,,,,39.520,0.000,0.000,0.000,0.000,0.000
1779010451,38.02,31.53,45.60,26,1,tinyml,,,,39.520,0.000,0.000,0.000,0.000,0.000
1779010456,38.00,31.53,45.60,26,1,tinyml,,,,39.500,0.000,0.000,0.000,0.000,0.000
1779010461,38.03,31.52,45.50,26,1,tinyml,,,,39.530,0.000,0.000,0.000,0.000,0.000
1779010466,38.02,31.52,45.60,26,1,tinyml,,,,39.520,0.000,0.000,0.000,0.000,0.000
1779010471,38.03,31.54,45.60,26,1,tinyml,,,,39.530,0.000,0.000,0.000,0.000,0.000
1779010476,38.00,31.50,45.60,26,1,tinyml,,,,39.500,0.000,0.000,0.000,0.000,0.000
1779010481,38.03,31.52,45.60,26,1,tinyml,,,,39.530,0.000,0.000,0.000,0.000,0.000
1779010486,38.05,31.50,45.60,25,1,tinyml,,,,39.550,0.000,0.000,0.000,0.000,0.000
1779010491,38.02,31.52,45.60,26,1,tinyml,,,,39.520,0.000,0.000,0.000,0.000,0.000
1779010496,38.03,31.52,45.60,26,1,tinyml,,,,39.530,0.000,0.000,0.000,0.000,0.000
1779010501,38.02,31.50,45.60,26,1,tinyml,,,,39.520,0.000,0.000,0.000,0.000,0.000
1779010506,38.02,31.49,45.60,26,1,tinyml,,,,39.520,0.000,0.000,0.000,0.000,0.000
1779010511,38.03,31.46,45.60,26,1,tinyml,,,,39.530,0.000,0.000,0.000,0.000,0.000
1779010516,38.03,31.46,45.60,25,1,tinyml,,,,39.530,0.000,0.000,0.000,0.000,0.000
1779010521,38.05,31.49,45.60,25,1,tinyml,,,,39.550,0.000,0.000,0.000,0.000,0.000
1779010526,38.03,31.47,45.60,25,1,tinyml,,,,39.530,0.000,0.000,0.000,0.000,0.000
1779010531,38.03,31.49,45.60,25,1,tinyml,,,,39.530,0.000,0.000,0.000,0.000,0.000
1779010536,38.05,31.46,45.60,25,1,tinyml,,,,39.550,0.000,0.000,0.000,0.000,0.000
1779010541,38.03,31.49,45.60,25,1,tinyml,,,,39.530,0.000,0.000,0.000,0.000,0.000
1779010546,38.05,31.46,45.60,25,1,tinyml,,,,39.550,0.000,0.000,0.000,0.000,0.000
1779010551,38.06,31.49,45.60,25,1,tinyml,,,,39.560,0.000,0.000,0.000,0.000,0.000
1779010556,38.05,31.50,45.50,25,1,tinyml,,,,39.550,0.000,0.000,0.000,0.000,0.000
1779010561,38.05,31.47,45.60,25,1,tinyml,,,,39.550,0.000,0.000,0.000,0.000,0.000
1779010566,38.03,31.50,45.60,25,1,tinyml,,,,39.530,0.000,0.000,0.000,0.000,0.000
1779010571,38.05,31.50,45.60,25,1,tinyml,,,,39.550,0.000,0.000,0.000,0.000,0.000
1779010576,38.03,31.49,45.60,25,1,tinyml,,,,39.530,0.000,0.000,0.000,0.000,0.000
1779010581,38.05,31.50,45.60,25,1,tinyml,,,,39.550,0.000,0.000,0.000,0.000,0.000
1779010586,38.02,31.50,45.60,25,1,tinyml,,,,39.520,0.000,0.000,0.000,0.000,0.000
1779010591,38.05,31.50,45.70,25,1,tinyml,,,,39.550,0.000,0.000,0.000,0.000,0.000
1779010596,38.02,31.50,45.60,25,1,tinyml,,,,39.520,0.000,0.000,0.000,0.000,0.000
1779010601,37.99,31.53,45.60,26,1,tinyml,,,,39.490,0.000,0.000,0.000,0.000,0.000
1779010606,38.00,31.53,45.60,26,1,tinyml,,,,39.500,0.000,0.000,0.000,0.000,0.000
1779010611,38.00,31.53,45.60,26,1,tinyml,,,,39.500,0.000,0.000,0.000,0.000,0.000
1779010616,37.99,31.54,45.60,26,1,tinyml,,,,39.490,0.000,0.000,0.000,0.000,0.000
1779010621,37.98,31.52,45.60,26,1,tinyml,,,,39.480,0.000,0.000,0.000,0.000,0.000
1779010626,38.00,31.53,45.50,26,1,tinyml,,,,39.500,0.000,0.000,0.000,0.000,0.000
1779010631,37.99,31.54,45.50,26,1,tinyml,,,,39.490,0.000,0.000,0.000,0.000,0.000
1779010636,37.99,31.53,45.60,26,1,tinyml,,,,39.490,0.000,0.000,0.000,0.000,0.000
1779010641,37.96,31.54,45.60,26,1,tinyml,,,,39.460,0.000,0.000,0.000,0.000,0.000
1779010646,37.94,31.52,45.60,27,1,tinyml,,,,39.440,0.000,0.000,0.000,0.000,0.000
1779010651,37.96,31.56,45.50,27,1,tinyml,,,,39.460,0.000,0.000,0.000,0.000,0.000
1779010656,37.94,31.54,45.50,27,1,tinyml,,,,39.440,0.000,0.000,0.000,0.000,0.000
1779010661,37.94,31.56,45.60,27,1,tinyml,,,,39.440,0.000,0.000,0.000,0.000,0.000
1779010666,37.98,31.58,45.50,26,1,tinyml,,,,39.480,0.000,0.000,0.000,0.000,0.000
1779010671,37.99,31.56,45.50,26,1,tinyml,,,,39.490,0.000,0.000,0.000,0.000,0.000
1779010676,37.94,31.56,45.50,27,1,tinyml,,,,39.440,0.000,0.000,0.000,0.000,0.000
1779010681,37.94,31.56,45.50,27,1,tinyml,,,,39.440,0.000,0.000,0.000,0.000,0.000
1779010686,37.96,31.54,45.40,27,1,tinyml,,,,39.460,0.000,0.000,0.000,0.000,0.000
1779010691,37.94,31.58,45.50,27,1,tinyml,,,,39.440,0.000,0.000,0.000,0.000,0.000
1779010696,37.96,31.58,45.50,27,1,tinyml,,,,39.460,0.000,0.000,0.000,0.000,0.000
1779010701,37.94,31.58,45.50,27,1,tinyml,,,,39.440,0.000,0.000,0.000,0.000,0.000
1779010706,37.94,31.61,45.50,27,1,tinyml,,,,39.440,0.000,0.000,0.000,0.000,0.000
1779010711,37.98,31.58,45.40,26,1,tinyml,,,,39.480,0.000,0.000,0.000,0.000,0.000
1779010716,37.96,31.58,45.40,27,1,tinyml,,,,39.460,0.000,0.000,0.000,0.000,0.000
1779010721,37.96,31.61,45.50,27,1,tinyml,,,,39.460,0.000,0.000,0.000,0.000,0.000
1779010726,37.93,31.61,45.40,27,1,tinyml,,,,39.430,0.000,0.000,0.000,0.000,0.000
1779010731,37.98,31.61,45.50,27,1,tinyml,,,,39.480,0.000,0.000,0.000,0.000,0.000
1779010736,37.96,31.59,45.40,27,1,tinyml,,,,39.460,0.000,0.000,0.000,0.000,0.000
1779010741,37.96,31.62,45.40,27,1,tinyml,,,,39.460,0.000,0.000,0.000,0.000,0.000
1779010746,37.96,31.62,45.50,27,1,tinyml,,,,39.460,0.000,0.000,0.000,0.000,0.000
1779010751,37.99,31.62,45.40,26,1,tinyml,,,,39.490,0.000,0.000,0.000,0.000,0.000
1779010756,37.98,31.61,45.40,27,1,tinyml,,,,39.480,0.000,0.000,0.000,0.000,0.000
1779010761,37.96,31.61,45.40,27,1,tinyml,,,,39.460,0.000,0.000,0.000,0.000,0.000
1779010766,38.02,31.59,45.40,26,1,tinyml,,,,39.520,0.000,0.000,0.000,0.000,0.000
1779010771,37.99,31.61,45.30,26,1,tinyml,,,,39.490,0.000,0.000,0.000,0.000,0.000
1779010776,38.00,31.59,45.30,26,1,tinyml,,,,39.500,0.000,0.000,0.000,0.000,0.000
1779010781,37.99,31.61,45.40,26,1,tinyml,,,,39.490,0.000,0.000,0.000,0.000,0.000
1779010786,37.99,31.56,45.30,26,1,tinyml,,,,39.490,0.000,0.000,0.000,0.000,0.000
1779010791,37.99,31.59,45.30,26,1,tinyml,,,,39.490,0.000,0.000,0.000,0.000,0.000
1779010796,37.99,31.56,45.30,26,1,tinyml,,,,39.490,0.000,0.000,0.000,0.000,0.000
1779010801,37.99,31.59,45.30,26,1,tinyml,,,,39.490,0.000,0.000,0.000,0.000,0.000
1779010806,37.98,31.56,45.30,27,1,tinyml,,,,39.480,0.000,0.000,0.000,0.000,0.000
1779010811,38.00,31.58,45.30,26,1,tinyml,,,,39.500,0.000,0.000,0.000,0.000,0.000
1779010816,38.00,31.58,45.30,26,1,tinyml,,,,39.500,0.000,0.000,0.000,0.000,0.000
1779010821,38.00,31.58,45.20,26,1,tinyml,,,,39.500,0.000,0.000,0.000,0.000,0.000
1779010826,37.99,31.58,45.20,26,1,tinyml,,,,39.490,0.000,0.000,0.000,0.000,0.000
1779010837,37.98,31.59,45.20,27,1,tinyml,,,,39.480,0.000,0.000,0.000,0.000,0.000
1779010837,37.99,31.58,45.20,26,1,tinyml,,,,39.490,0.000,0.000,0.000,0.000,0.000
1779010841,37.96,31.56,45.20,27,1,tinyml,,,,39.460,0.000,0.000,0.000,0.000,0.000
1779010846,37.94,31.58,45.20,27,1,tinyml,,,,39.440,0.000,0.000,0.000,0.000,0.000
1779010851,37.98,31.58,45.30,27,1,tinyml,,,,39.480,0.000,0.000,0.000,0.000,0.000
1779010856,37.98,31.58,45.20,27,1,tinyml,,,,39.480,0.000,0.000,0.000,0.000,0.000
1779010861,37.96,31.58,45.20,27,1,tinyml,,,,39.460,0.000,0.000,0.000,0.000,0.000
1779010866,37.98,31.58,45.30,27,1,tinyml,,,,39.480,0.000,0.000,0.000,0.000,0.000
1779010871,37.98,31.56,45.20,27,1,tinyml,,,,39.480,0.000,0.000,0.000,0.000,0.000
1779010876,37.96,31.56,45.30,27,1,tinyml,,,,39.460,0.000,0.000,0.000,0.000,0.000
1779010881,37.96,31.59,45.30,27,1,tinyml,,,,39.460,0.000,0.000,0.000,0.000,0.000
1779010886,37.93,31.56,45.30,28,1,tinyml,,,,39.430,0.000,0.000,0.000,0.000,0.000
1779010891,37.96,31.58,45.30,27,1,tinyml,,,,39.460,0.000,0.000,0.000,0.000,0.000
1779010896,37.96,31.58,45.20,27,1,tinyml,,,,39.460,0.000,0.000,0.000,0.000,0.000
1779010903,37.99,31.56,45.20,27,1,tinyml,,,,39.490,0.000,0.000,0.000,0.000,0.000
1779010906,37.98,31.56,45.20,27,1,tinyml,,,,39.480,0.000,0.000,0.000,0.000,0.000
1779010911,37.98,31.58,45.30,27,1,tinyml,,,,39.480,0.000,0.000,0.000,0.000,0.000
1779010916,37.99,31.56,45.20,27,1,tinyml,,,,39.490,0.000,0.000,0.000,0.000,0.000
1779010921,37.96,31.58,45.20,27,1,tinyml,,,,39.460,0.000,0.000,0.000,0.000,0.000
1779010926,37.99,31.58,45.20,27,1,tinyml,,,,39.490,0.000,0.000,0.000,0.000,0.000
1779010931,37.99,31.56,45.20,27,1,tinyml,,,,39.490,0.000,0.000,0.000,0.000,0.000
1779010936,37.98,31.56,45.20,27,1,tinyml,,,,39.480,0.000,0.000,0.000,0.000,0.000
1779010941,37.99,31.58,45.20,27,1,tinyml,,,,39.490,0.000,0.000,0.000,0.000,0.000
1779010946,38.02,31.56,45.10,26,1,tinyml,,,,39.520,0.000,0.000,0.000,0.000,0.000
1779010951,38.00,31.56,45.10,27,1,tinyml,,,,39.500,0.000,0.000,0.000,0.000,0.000
1779010956,38.00,31.54,45.20,27,1,tinyml,,,,39.500,0.000,0.000,0.000,0.000,0.000
1779010961,38.00,31.56,45.20,27,1,tinyml,,,,39.500,0.000,0.000,0.000,0.000,0.000
1779010966,38.02,31.54,45.20,26,1,tinyml,,,,39.520,0.000,0.000,0.000,0.000,0.000
1779010971,38.03,31.56,45.20,26,1,tinyml,,,,39.530,0.000,0.000,0.000,0.000,0.000
1779010976,38.03,31.54,45.10,26,1,tinyml,,,,39.530,0.000,0.000,0.000,0.000,0.000
1779010981,38.05,31.56,45.20,26,1,tinyml,,,,39.550,0.000,0.000,0.000,0.000,0.000
1779010986,38.03,31.54,45.10,26,1,tinyml,,,,39.530,0.000,0.000,0.000,0.000,0.000
1779010991,38.03,31.56,45.20,26,1,tinyml,,,,39.530,0.000,0.000,0.000,0.000,0.000
1779010996,38.05,31.56,45.20,26,1,tinyml,,,,39.550,0.000,0.000,0.000,0.000,0.000
1779011001,38.03,31.54,45.10,26,1,tinyml,,,,39.530,0.000,0.000,0.000,0.000,0.000
1779011006,38.03,31.56,45.20,26,1,tinyml,,,,39.530,0.000,0.000,0.000,0.000,0.000
1779011011,38.05,31.54,45.20,26,1,tinyml,,,,39.550,0.000,0.000,0.000,0.000,0.000
1779011016,38.02,31.54,45.20,26,1,tinyml,,,,39.520,0.000,0.000,0.000,0.000,0.000
1779011021,38.05,31.53,45.10,25,1,tinyml,,,,39.550,0.000,0.000,0.000,0.000,0.000
1779011026,38.05,31.54,45.20,25,1,tinyml,,,,39.550,0.000,0.000,0.000,0.000,0.000
1779011031,38.05,31.53,45.20,25,1,tinyml,,,,39.550,0.000,0.000,0.000,0.000,0.000
1779011036,38.05,31.54,45.20,25,1,tinyml,,,,39.550,0.000,0.000,0.000,0.000,0.000
1779011041,38.03,31.52,45.20,26,1,tinyml,,,,39.530,0.000,0.000,0.000,0.000,0.000
1779011046,38.05,31.54,45.20,25,1,tinyml,,,,39.550,0.000,0.000,0.000,0.000,0.000
1779011051,38.05,31.53,45.10,25,1,tinyml,,,,39.550,0.000,0.000,0.000,0.000,0.000
1779011056,38.03,31.52,45.20,26,1,tinyml,,,,39.530,0.000,0.000,0.000,0.000,0.000
1779011061,38.02,31.52,45.20,26,1,tinyml,,,,39.520,0.000,0.000,0.000,0.000,0.000
1779011066,38.02,31.54,45.20,26,1,tinyml,,,,39.520,0.000,0.000,0.000,0.000,0.000
1779011071,38.02,31.54,45.20,26,1,tinyml,,,,39.520,0.000,0.000,0.000,0.000,0.000
1779011076,38.03,31.54,45.20,26,1,tinyml,,,,39.530,0.000,0.000,0.000,0.000,0.000
1779011081,38.00,31.54,45.20,26,1,tinyml,,,,39.500,0.000,0.000,0.000,0.000,0.000
1779011086,38.02,31.58,45.20,26,1,tinyml,,,,39.520,0.000,0.000,0.000,0.000,0.000
1779011091,38.00,31.54,45.20,26,1,tinyml,,,,39.500,0.000,0.000,0.000,0.000,0.000
1779011096,37.99,31.56,45.20,26,1,tinyml,,,,39.490,0.000,0.000,0.000,0.000,0.000
